Hora;Tasa en minutos
0;31.94986072
1;19.19220056
2;15.45961003
3;16.01671309
4;15.92479109
5;18.08356546
6;19.46796657
7;11.76999602
8;10.81345488
9;10.89461351
10;10.15029307
11;11.30679812
12;13.22678436
13;13.55426329
14;15.6846459
15;16.88626415
16;18.46763496
17;21.07932086
18;31.89216076
19;31.15360127
20;32.36211699
21;32.35376045
22;32.26183844
23;29.05013928
